Year,Make,Model,Product Type,URL
2011,RAM,1500,Front Bumper,https://partifyusa.com/collections/2011-RAM-1500/type_Front-Bumper
2012,RAM,1500,Front Bumper,https://partifyusa.com/collections/2012-RAM-1500/type_Front-Bumper
2013,RAM,1500,Front Bumper,https://partifyusa.com/collections/2013-RAM-1500/type_Front-Bumper
2014,RAM,1500,Front Bumper,https://partifyusa.com/collections/2014-RAM-1500/type_Front-Bumper
2015,RAM,1500,Front Bumper,https://partifyusa.com/collections/2015-RAM-1500/type_Front-Bumper
2011,RAM,1500,Rear Bumper,https://partifyusa.com/collections/2011-RAM-1500/type_Rear-Bumper
2012,RAM,1500,Rear Bumper,https://partifyusa.com/collections/2012-RAM-1500/type_Rear-Bumper
2013,RAM,1500,Rear Bumper,https://partifyusa.com/collections/2013-RAM-1500/type_Rear-Bumper
2014,RAM,1500,Rear Bumper,https://partifyusa.com/collections/2014-RAM-1500/type_Rear-Bumper
2015,RAM,1500,Rear Bumper,https://partifyusa.com/collections/2015-RAM-1500/type_Rear-Bumper
2012,RAM,2500,Tailgate,https://partifyusa.com/collections/2012-RAM-2500/type_Tailgate
2013,RAM,2500,Tailgate,https://partifyusa.com/collections/2013-RAM-2500/type_Tailgate
2014,RAM,2500,Tailgate,https://partifyusa.com/collections/2014-RAM-2500/type_Tailgate
2015,RAM,2500,Tailgate,https://partifyusa.com/collections/2015-RAM-2500/type_Tailgate
2016,RAM,2500,Tailgate,https://partifyusa.com/collections/2016-RAM-2500/type_Tailgate
2013,Toyota,Camry,Front Bumper,https://partifyusa.com/collections/2013-Toyota-Camry/type_Front-Bumper
2014,Toyota,Camry,Front Bumper,https://partifyusa.com/collections/2014-Toyota-Camry/type_Front-Bumper
2015,Toyota,Camry,Front Bumper,https://partifyusa.com/collections/2015-Toyota-Camry/type_Front-Bumper
2016,Toyota,Camry,Front Bumper,https://partifyusa.com/collections/2016-Toyota-Camry/type_Front-Bumper
2017,Toyota,Corolla,Front Bumper,https://partifyusa.com/collections/2017-Toyota-Corolla/type_Front-Bumper
2013,Toyota,Corolla,Passenger Side Fender,https://partifyusa.com/collections/2013-Toyota-Corolla/type_Passenger-Side-Fender
2014,Toyota,Corolla,Passenger Side Fender,https://partifyusa.com/collections/2014-Toyota-Corolla/type_Passenger-Side-Fender
2015,Toyota,Corolla,Passenger Side Fender,https://partifyusa.com/collections/2015-Toyota-Corolla/type_Passenger-Side-Fender
2016,Toyota,Corolla,Passenger Side Fender,https://partifyusa.com/collections/2016-Toyota-Corolla/type_Passenger-Side-Fender
2017,Toyota,Corolla,Passenger Side Fender,https://partifyusa.com/collections/2017-Toyota-Corolla/type_Passenger-Side-Fender
